BEGIN_YEARMONTH,BEGIN_DAY,BEGIN_TIME,END_YEARMONTH,END_DAY,END_TIME,EPISODE_ID,EVENT_ID,STATE,STATE_FIPS,YEAR,MONTH_NAME,EVENT_TYPE,CZ_TYPE,CZ_FIPS,CZ_NAME,cty_fips,WFO,BEGIN_DATE_TIME,CZ_TIMEZONE,END_DATE_TIME,INJURIES_DIRECT,INJURIES_INDIRECT,DEATHS_DIRECT,DEATHS_INDIRECT,DAMAGE_PROPERTY,DAMAGE_CROPS,SOURCE,MAGNITUDE,MAGNITUDE_TYPE,FLOOD_CAUSE,CATEGORY,TOR_F_SCALE,TOR_LENGTH,TOR_WIDTH,TOR_OTHER_WFO,TOR_OTHER_CZ_STATE,TOR_OTHER_CZ_FIPS,TOR_OTHER_CZ_NAME,BEGIN_RANGE,BEGIN_AZIMUTH,BEGIN_LOCATION,END_RANGE,END_AZIMUTH,END_LOCATION,BEGIN_LAT,BEGIN_LON,END_LAT,END_LON,EPISODE_NARRATIVE,EVENT_NARRATIVE,DATA_SOURCE
200609,28,1922,200609,28,1922,1220868,5534241,AMERICAN SAMOA,97,2006,September,Tsunami,Z,3,MANU'A,97003,ASO,28-SEP-06 19:22:00,SST,28-SEP-06 19:22:00,0,0,0,0,NA,NA,OTHER FEDERAL AGENCY,NA,NA,NA,NA,NA,NA,NA,NA,NA,NA,NA,NA,NA,NA,NA,NA,NA,NA,NA,NA,NA,NA,"A 6.9 magnitude earthquake occurred within 200 miles southwest of Tutuila at about 7:22 pm local time.  This earthquake was felt throughout the Islands, and it generated a tsunami wave between 3 to 4 inches.A Special Weather Statement was issued by the Weather Service Office for this event.  No injury or damages reported.",PDS
200609,28,1922,200609,28,1922,1220868,5534219,AMERICAN SAMOA,97,2006,September,Tsunami,Z,2,TUTUILA,97002,ASO,28-SEP-06 19:22:00,SST,28-SEP-06 19:22:00,0,0,0,0,NA,NA,OTHER FEDERAL AGENCY,NA,NA,NA,NA,NA,NA,NA,NA,NA,NA,NA,NA,NA,NA,NA,NA,NA,NA,NA,NA,NA,NA,"A 6.9 magnitude earthquake occurred within 200 miles southwest of Tutuila at about 7:22 pm local time.  This earthquake was felt throughout the Islands, and it generated a tsunami wave between 3 to 4 inches.A Special Weather Statement was issued by the Weather Service Office for this event.  No injury or damages reported.",PDS
200611,15,1300,200611,15,2100,820,3602,CALIFORNIA,6,2006,November,Tsunami,Z,514,MONTEREY BAY/N SALINAS VALLEY/HOLLISTER VALLEY/CARMEL VALLEY,06514,MTR,15-NOV-06 13:00:00,PST-8,15-NOV-06 21:00:00,0,0,0,0,3.00K,0.00K,County Official,NA,NA,NA,NA,NA,NA,NA,NA,NA,NA,NA,NA,NA,NA,NA,NA,NA,NA,NA,NA,NA,"An 8.1 earthquake was reported at 0314 PST on November 15th, 2006. During the afternoon and early evening a series of surge waves moved into Northern and Central California.",A series of surge waves from a distant earthquake caused approximately 8 hours of jostling in Santa Cruz Harbor. About a 4 foot range of tidal difference occurred causing damage to 7 docks.,CSV
200611,15,1138,200611,16,100,1744,8484,CALIFORNIA,6,2006,November,Tsunami,Z,1,REDWOOD COAST,06001,EKA,15-NOV-06 11:38:00,PST-8,16-NOV-06 01:00:00,0,0,0,0,9.20M,0.00K,NWS Storm Survey,NA,NA,NA,NA,NA,NA,NA,NA,NA,NA,NA,NA,NA,NA,NA,NA,NA,NA,NA,NA,NA,"An 8.3 magnitude earthquake off the Kuril Islands produced a tsunami that propagated across the Pacific Ocean and impacted the West Coast of North America, including California.",Tsunami surges affected Crescent City Harbor beginning at 1138PST and lasting for several hours.  The peak wave height was 5.8 feet as measured trough to peak. No injuries or deaths resulted from this tsunami. Damage was limited to docks and boats in Crescent City Harbor. The damage was caused by the high velocity currents resulting from the tsunami. No other significant wave heights occurred elsewhere in Del Norte County.,CSV
200611,15,1000,200611,15,1700,1670,8029,AMERICAN SAMOA,97,2006,November,Tsunami,Z,2,TUTUILA,97002,ASO,15-NOV-06 10:00:00,SST-11,15-NOV-06 17:00:00,0,0,0,0,0.00K,0.00K,Official NWS Observations,NA,NA,NA,NA,NA,NA,NA,NA,NA,NA,NA,NA,NA,NA,NA,NA,NA,NA,NA,NA,NA,"An 8.1 magnitude earthquake occurred in Japan in the early hours of November 15th, and it generated a tsunami reaching American Samoa which is located over 4 thousand miles.|American Samoa residents reported receding water and choppy seas along north shores around 10:30 am local time, and the Weather Service Office issued a Speacial Weather Statement for this event.  A tidal gage in Pago Pago indicated a small tsunami in the harbor area and it was less than a foot.  This event lasted within 4 to 5 hours, and no injury or damages reported.",NA,CSV
200909,29,648,200909,29,1036,35252,204396,AMERICAN SAMOA,97,2009,September,Tsunami,Z,2,TUTUILA,97002,ASO,29-SEP-09 06:48:00,SST-11,29-SEP-09 10:36:00,129,19,32,0,81.00M,20.00K,Emergency Manager,NA,NA,NA,NA,NA,NA,NA,NA,NA,NA,NA,NA,NA,NA,NA,NA,NA,NA,NA,NA,NA,"A tsunami wave affected all of American Samoa including neighboring Samoan Islands.|The tsunami was generated by a 7.9 earthquake that occurred about 120 miles southwest of Pago Pago. The wave went inland as far as 1 mile. The height of the waves ranged from 15 feet at Pago Pago harbor to 40 feet at Poloa village on the Island of Tutuila. There were 32 confirmed deaths and 2 are still missing to date. Several marinas and vehicles were heavily damaged; businesses, homes, schools and coastal roads were either flooded or destroyed. The American Samoa Power plant was also damaged on the Island of Tutuila, and the government graveyard site was unearthed by strong tsunami waves.These damages amounted to $81 million.","A 7.9 earthquake occurred about 120 miles southwest of Pago Pago and it shook the |entire Samoan and Tongan region. The earthquake occurred around 648 am |Samoan local time, and it took within 15 minutes for the tsunami waves to reach the Samoan Islands.",CSV
201002,27,851,201002,27,1230,37014,215380,AMERICAN SAMOA,97,2010,February,Tsunami,Z,2,TUTUILA,97002,ASO,27-FEB-10 08:51:00,SST-11,27-FEB-10 12:30:00,0,0,0,0,0.00K,0.00K,Broadcast Media,NA,NA,NA,NA,NA,NA,NA,NA,NA,NA,NA,NA,NA,NA,NA,NA,NA,NA,NA,NA,NA,"The 8.5 magnitude earthquake on Chile generated a 3 to 5 feet tsunami on the Island of Tutuila. The tsunami reached half a mile inland on the village of Pago Pago, and it swept waters over a portion of the Pago Pago Plaza parking lot. There were no injuries or damages reported.",NA,CSV
201002,27,851,201002,27,1230,37014,215381,AMERICAN SAMOA,97,2010,February,Tsunami,Z,3,MANU'A,97003,ASO,27-FEB-10 08:51:00,SST-11,27-FEB-10 12:30:00,0,0,0,0,0.00K,0.00K,Broadcast Media,NA,NA,NA,NA,NA,NA,NA,NA,NA,NA,NA,NA,NA,NA,NA,NA,NA,NA,NA,NA,NA,"The 8.5 magnitude earthquake on Chile generated a 3 to 5 feet tsunami on the Island of Tutuila. The tsunami reached half a mile inland on the village of Pago Pago, and it swept waters over a portion of the Pago Pago Plaza parking lot. There were no injuries or damages reported.",NA,CSV
201002,27,851,201002,27,1230,37014,215382,AMERICAN SAMOA,97,2010,February,Tsunami,Z,1,SWAINS,97001,ASO,27-FEB-10 08:51:00,SST-11,27-FEB-10 12:30:00,0,0,0,0,0.00K,0.00K,Broadcast Media,NA,NA,NA,NA,NA,NA,NA,NA,NA,NA,NA,NA,NA,NA,NA,NA,NA,NA,NA,NA,NA,"The 8.5 magnitude earthquake on Chile generated a 3 to 5 feet tsunami on the Island of Tutuila. The tsunami reached half a mile inland on the village of Pago Pago, and it swept waters over a portion of the Pago Pago Plaza parking lot. There were no injuries or damages reported.",NA,CSV
201002,27,851,201002,27,1230,37014,215383,AMERICAN SAMOA,97,2010,February,Tsunami,Z,4,ROSE,97004,ASO,27-FEB-10 08:51:00,SST-11,27-FEB-10 12:30:00,0,0,0,0,0.00K,0.00K,Broadcast Media,NA,NA,NA,NA,NA,NA,NA,NA,NA,NA,NA,NA,NA,NA,NA,NA,NA,NA,NA,NA,NA,"The 8.5 magnitude earthquake on Chile generated a 3 to 5 feet tsunami on the Island of Tutuila. The tsunami reached half a mile inland on the village of Pago Pago, and it swept waters over a portion of the Pago Pago Plaza parking lot. There were no injuries or damages reported.",NA,CSV
201002,27,1245,201002,27,2200,36472,211367,CALIFORNIA,6,2010,February,Tsunami,Z,39,SANTA BARBARA COUNTY SOUTH COAST,06039,LOX,27-FEB-10 12:45:00,PST-8,27-FEB-10 22:00:00,0,0,0,0,0.00K,0.00K,Coast Guard,NA,NA,NA,NA,NA,NA,NA,NA,NA,NA,NA,NA,NA,NA,NA,NA,NA,NA,NA,NA,NA,"A magnitude 8.8 earthquake occurred along the central coast of Chile and produced a tsunami. For the coast of Southern California, it was one of the largest tsunami episodes since 1964. In general, tsunami waves between 2 and 4 feet were reported. The most significant damage occurred along the coasts of Ventura and southern Santa Barbara counties. Numerous reports of dock damage were reported along with beach erosion.","Tsunami waves of around 3 feet were reported by tide gauges across the Santa Barbara Channel. At Santa Barbara Pier, significant beach erosion was reported along with displacement of buoys. The tsunami surge lasted in excess of 20 hours.",CSV
201002,27,1210,201002,27,1430,37089,215757,CALIFORNIA,6,2010,February,Tsunami,Z,42,ORANGE COUNTY COASTAL AREAS,06042,SGX,27-FEB-10 12:10:00,PST-8,27-FEB-10 14:30:00,0,0,0,0,80.00K,0.00K,Fire Department/Rescue,NA,NA,NA,NA,NA,NA,NA,NA,NA,NA,NA,NA,NA,NA,NA,NA,NA,NA,NA,NA,NA,"A tsunami generated by an 8.8 magnitude earthquake off the coast of Chile reached the Southern California coast shortly after noon on February 27. The tsunami caused tidal surges of four to five feet over the course of about two hours. The speed of the currents in both Orange and San Diego counties were estimated to be 8 to 12 knots. The tsunami caused minor damage to structures and vessels, mainly in harbors.",A bait barge at Dana Point Harbor was snapped in half by a series of tsunami surges. A 12 knot current was observed with a three inch wave in the main channel. The depth in the main channel fell to 6 feet as the water receded. The normal depth in the channel is 12 to 15 feet.,CSV
201002,27,1200,201002,27,1430,37089,215756,CALIFORNIA,6,2010,February,Tsunami,Z,43,SAN DIEGO COUNTY COASTAL AREAS,06043,SGX,27-FEB-10 12:00:00,PST-8,27-FEB-10 14:30:00,0,0,0,0,75.00K,0.00K,Newspaper,NA,NA,NA,NA,NA,NA,NA,NA,NA,NA,NA,NA,NA,NA,NA,NA,NA,NA,NA,NA,NA,"A tsunami generated by an 8.8 magnitude earthquake off the coast of Chile reached the Southern California coast shortly after noon on February 27. The tsunami caused tidal surges of four to five feet over the course of about two hours. The speed of the currents in both Orange and San Diego counties were estimated to be 8 to 12 knots. The tsunami caused minor damage to structures and vessels, mainly in harbors.","A series of tsunami surges destroyed a section of dock on Shelter Island and damaged an underwater pipe. Several vessels in America's Cup Harbor also came loose from their moorings. Some concrete pilings were snapped after a couple commercial fishing boats that were tied to them were pulled away by the strong currents. At Oceanside Harbor, all but one of the channel buoys were lifted and dragged by the surges. The buoys later washed up on the beaches. Currents associated with the surges were estimated at 8 to 10 knots.",CSV
201002,27,1230,201002,27,2200,36472,211368,CALIFORNIA,6,2010,February,Tsunami,Z,40,VENTURA COUNTY COAST,06040,LOX,27-FEB-10 12:30:00,PST-8,27-FEB-10 22:00:00,0,0,0,0,150.00K,0.00K,Coast Guard,NA,NA,NA,NA,NA,NA,NA,NA,NA,NA,NA,NA,NA,NA,NA,NA,NA,NA,NA,NA,NA,"A magnitude 8.8 earthquake occurred along the central coast of Chile and produced a tsunami. For the coast of Southern California, it was one of the largest tsunami episodes since 1964. In general, tsunami waves between 2 and 4 feet were reported. The most significant damage occurred along the coasts of Ventura and southern Santa Barbara counties. Numerous reports of dock damage were reported along with beach erosion.","Tsunami waves in excess of 3 feet affected the coastal areas of Ventura county. At Ventura Harbor, the tsunami damaged at least 21 docks, displaced several buoys, and produced some significant beach erosion. The harbor master reported a drop of 3.5 feet when the tsunami wave first subsided.",CSV
201103,11,748,201103,11,2300,49300,304117,CALIFORNIA,6,2011,March,Tsunami,Z,530,SOUTHERN MONTEREY BAY AND BIG SUR COAST,06530,MTR,11-MAR-11 07:48:00,PST-8,11-MAR-11 23:00:00,0,0,0,0,1.80M,0.00K,Emergency Manager,NA,NA,NA,NA,NA,NA,NA,NA,NA,NA,NA,NA,NA,NA,NA,NA,NA,NA,NA,NA,NA,"At 10:46 pm on March 10, 2011, a magnitude 8.9 earthquake struck near the coast of Honshu, Japan. The earthquake generated a tsunami significantly affecting California on March 11, 2011.",Moss Landing Harbor sustained damages to docks and harbor structures during the tsunami.,CSV
201103,11,930,201103,13,0,50186,295299,CALIFORNIA,6,2011,March,Tsunami,Z,1,REDWOOD COAST,06001,EKA,11-MAR-11 09:30:00,PST-8,13-MAR-11 00:00:00,0,0,1,0,3.00M,0.00K,NWS Storm Survey,NA,NA,NA,NA,NA,NA,NA,NA,NA,NA,NA,NA,NA,NA,NA,NA,NA,NA,NA,NA,NA,"On March 10, a 9.1 earthquake off the west coast of Japan caused a tsunami that traveled across the Pacific Ocean in roughly ten hours.  The first waves arrived on the coast of northern California around 9:30 a.m. on March 11 and continued for over three days.  The largest amplitude wave arrived at approximately 10:30 a.m. on March 11 and measured approximately 8 feet in Crescent City, California. The maximum amplitude wave coincided with a relatively small 0.3 foot astronomical tide.  This resulted in a total water depth of approximately 8.3 feet above mean sea level which did not inundate any land surface.  The high velocity current associated with this maximum amplitude wave resulted in the majority of damage reported.  The highest overall water height occurred at 2:00 a.m. the following morning when a 3 foot tsunami wave coincided with a 6 foot astronomical tide.  The resultant overall water height of approximately 9 feet inundated a state highway but did not cause any damages.",Surges in Crescent City harbor caused damage to docks and coastal infrastructure and sank numerous fishing boats.  The damage was primarily caused by the high velocity current.,CSV
201103,11,930,201103,13,0,50186,295300,CALIFORNIA,6,2011,March,Tsunami,Z,2,MENDOCINO COAST,06002,EKA,11-MAR-11 09:30:00,PST-8,13-MAR-11 00:00:00,0,0,0,0,4.00M,0.00K,NWS Storm Survey,NA,NA,NA,NA,NA,NA,NA,NA,NA,NA,NA,NA,NA,NA,NA,NA,NA,NA,NA,NA,NA,"On March 10, a 9.1 earthquake off the west coast of Japan caused a tsunami that traveled across the Pacific Ocean in roughly ten hours.  The first waves arrived on the coast of northern California around 9:30 a.m. on March 11 and continued for over three days.  The largest amplitude wave arrived at approximately 10:30 a.m. on March 11 and measured approximately 8 feet in Crescent City, California. The maximum amplitude wave coincided with a relatively small 0.3 foot astronomical tide.  This resulted in a total water depth of approximately 8.3 feet above mean sea level which did not inundate any land surface.  The high velocity current associated with this maximum amplitude wave resulted in the majority of damage reported.  The highest overall water height occurred at 2:00 a.m. the following morning when a 3 foot tsunami wave coincided with a 6 foot astronomical tide.  The resultant overall water height of approximately 9 feet inundated a state highway but did not cause any damages.",Surges in Noyo Harbor caused damage to docks but did not sink any fishing boats.  The damage was primarily caused by the high velocity current.,CSV
201103,11,400,201103,11,1100,47673,283406,AMERICAN SAMOA,97,2011,March,Tsunami,Z,3,MANU'A,97003,ASO,11-MAR-11 04:00:00,SST-11,11-MAR-11 11:00:00,0,0,0,0,0.00K,0.00K,Other Federal Agency,NA,NA,NA,NA,NA,NA,NA,NA,NA,NA,NA,NA,NA,NA,NA,NA,NA,NA,NA,NA,NA,"A 9.1 magnitude earthquake near Japan generated tsunami waves across the Pacific. A tide gage at the Pago Pago bay recorded tsunami waves peaking to near 3.5 feet. During high tides in the afternoon, local wave energy came over land and across the Pago Plaza on the Island of Tutuila after the cancellation of the tsunami warning. No injuries or fatalities reported.",NA,CSV
201103,11,400,201103,11,1100,47673,277954,AMERICAN SAMOA,97,2011,March,Tsunami,Z,2,TUTUILA,97002,ASO,11-MAR-11 04:00:00,SST-11,11-MAR-11 11:00:00,0,0,0,0,0.00K,0.00K,Other Federal Agency,NA,NA,NA,NA,NA,NA,NA,NA,NA,NA,NA,NA,NA,NA,NA,NA,NA,NA,NA,NA,NA,"A 9.1 magnitude earthquake near Japan generated tsunami waves across the Pacific. A tide gage at the Pago Pago bay recorded tsunami waves peaking to near 3.5 feet. During high tides in the afternoon, local wave energy came over land and across the Pago Plaza on the Island of Tutuila after the cancellation of the tsunami warning. No injuries or fatalities reported.",NA,CSV
201103,11,400,201103,11,1100,47673,283405,AMERICAN SAMOA,97,2011,March,Tsunami,Z,1,SWAINS,97001,ASO,11-MAR-11 04:00:00,SST-11,11-MAR-11 11:00:00,0,0,0,0,0.00K,0.00K,Other Federal Agency,NA,NA,NA,NA,NA,NA,NA,NA,NA,NA,NA,NA,NA,NA,NA,NA,NA,NA,NA,NA,NA,"A 9.1 magnitude earthquake near Japan generated tsunami waves across the Pacific. A tide gage at the Pago Pago bay recorded tsunami waves peaking to near 3.5 feet. During high tides in the afternoon, local wave energy came over land and across the Pago Plaza on the Island of Tutuila after the cancellation of the tsunami warning. No injuries or fatalities reported.",NA,CSV
201103,11,711,201103,12,0,48229,281655,OREGON,41,2011,March,Tsunami,Z,22,CURRY COUNTY COAST,41022,MFR,11-MAR-11 07:11:00,PST-8,12-MAR-11 00:00:00,0,0,0,0,7.50M,0.00K,State Official,NA,NA,NA,NA,NA,NA,NA,NA,NA,NA,NA,NA,NA,NA,NA,NA,NA,NA,NA,NA,NA,"A catastrophic earthquake measuring 9.0 on the Richter scale occurred just off the coast of Japan on 03/11/2011.  This earthquake generated a Pacific-wide tsunami.  This tsunami struck the US west coast late in the morning on 03/11/2011.  No loss of life occurred in Oregon, but several ports and the boats in them were damaged.","The first of a series of surges caused by the tsunami struck Port Orford at 07:11 PDT.  The maximum recorded amplitude was 2.02 meters which occurred around the seventh surge.  On the US West Coast, the only station that recorded a higher surge was Crescent City CA with a 2.47m amplitude. The surges gradually subsided during the next few days.  Major damage occurred at the Brookings Harbor, where 40% of the floating docks were destroyed and many boats were damaged or destroyed.  Docks, pilings, and channel buoys were also damaged at Gold Beach OR.  Four men were pulled into the ocean at Pistol River.  Two were rescued while the other two made it back to shore on their own.",CSV
201103,11,715,201103,12,0,48229,281657,OREGON,41,2011,March,Tsunami,Z,21,SOUTH CENTRAL OREGON COAST,41021,MFR,11-MAR-11 07:15:00,PST-8,12-MAR-11 00:00:00,0,0,0,0,NA,0.00K,State Official,NA,NA,NA,NA,NA,NA,NA,NA,NA,NA,NA,NA,NA,NA,NA,NA,NA,NA,NA,NA,NA,"A catastrophic earthquake measuring 9.0 on the Richter scale occurred just off the coast of Japan on 03/11/2011.  This earthquake generated a Pacific-wide tsunami.  This tsunami struck the US west coast late in the morning on 03/11/2011.  No loss of life occurred in Oregon, but several ports and the boats in them were damaged.","The first of a series of surges caused by the tsunami struck Charleston Harbor at 07:15 PDT.  The maximum recorded amplitude was 72 centimeters which occurred on the fifth and ninth surges. The surges gradually subsided during the next few days.  Charleston Harbor sustained minor damage, but at least six boats broke loose from their moorings.  Minor damage was reported to a boat and dock in Winchester Bay.",CSV
201103,11,430,201103,11,630,48428,282798,HAWAII,15,2011,March,Tsunami,Z,23,KONA,15023,HFO,11-MAR-11 04:30:00,HST-10,11-MAR-11 06:30:00,0,0,0,0,14.20M,0.00K,Newspaper,NA,NA,NA,NA,NA,NA,NA,NA,NA,NA,NA,NA,NA,NA,NA,NA,NA,NA,NA,NA,NA,"A major undersea earthquake off Japan caused a Pacific-wide tsunami that affected the Hawaiian Islands.  The west side of the Big Island received the most effects, where three hotels had extensive damage.  One of the resorts had to close permanently because of the severity of the inundation.  The other isles received lesser effects from the tsunami, though there were damages on Oahu, Molokai, and Maui. There were no reports of serious injuries.",NA,CSV
201103,11,848,201103,13,300,49300,288760,CALIFORNIA,6,2011,March,Tsunami,Z,529,NORTHERN MONTEREY BAY,06529,MTR,11-MAR-11 08:48:00,PST-8,13-MAR-11 03:00:00,0,0,0,0,26.60M,0.00K,State Official,NA,NA,NA,NA,NA,NA,NA,NA,NA,NA,NA,NA,NA,NA,NA,NA,NA,NA,NA,NA,NA,"At 10:46 pm on March 10, 2011, a magnitude 8.9 earthquake struck near the coast of Honshu, Japan. The earthquake generated a tsunami significantly affecting California on March 11, 2011.","A tsunami impacted Santa Cruz...in particular Santa Cruz Harbor. Impacts included: eighteen vessels sunk, four vessels capsized, 100+ vessels with either superficial damage or waiting to be assessed, oil sheen on the water and serious damage to harbor facilities.",CSV
201103,11,847,201103,13,345,49300,288763,CALIFORNIA,6,2011,March,Tsunami,Z,509,SAN FRANCISCO PENINSULA COAST,06509,MTR,11-MAR-11 08:47:00,PST-8,13-MAR-11 03:45:00,0,0,0,0,154.00K,0.00K,State Official,NA,NA,NA,NA,NA,NA,NA,NA,NA,NA,NA,NA,NA,NA,NA,NA,NA,NA,NA,NA,NA,"At 10:46 pm on March 10, 2011, a magnitude 8.9 earthquake struck near the coast of Honshu, Japan. The earthquake generated a tsunami significantly affecting California on March 11, 2011.","A tsunami affected the San Mateo County coast. A preliminary damage assessment was conducted due to the response, but no physical damage reported.",CSV
201103,11,912,201103,12,1400,49300,288765,CALIFORNIA,6,2011,March,Tsunami,Z,508,SAN FRANCISCO BAY SHORELINE,06508,MTR,11-MAR-11 09:12:00,PST-8,12-MAR-11 14:00:00,0,0,0,0,50.00K,0.00K,Newspaper,NA,NA,NA,NA,NA,NA,NA,NA,NA,NA,NA,NA,NA,NA,NA,NA,NA,NA,NA,NA,NA,"At 10:46 pm on March 10, 2011, a magnitude 8.9 earthquake struck near the coast of Honshu, Japan. The earthquake generated a tsunami significantly affecting California on March 11, 2011.","At the Berkeley Marina the tsunami damaged six boat slips, three docks, and snapped a wooden piling.",CSV
201103,11,1600,201103,12,200,49745,292183,CALIFORNIA,6,2011,March,Tsunami,Z,43,SAN DIEGO COUNTY COASTAL AREAS,06043,SGX,11-MAR-11 16:00:00,PST-8,12-MAR-11 02:00:00,0,0,0,0,250.00K,0.00K,Newspaper,NA,NA,NA,NA,NA,NA,NA,NA,NA,NA,NA,NA,NA,NA,NA,NA,NA,NA,NA,NA,NA,"A magnitude 9.1 earthquake struck Japan on March 10th, sending a tsunami toward the west coast of the U.S. The tsunami arrived in Southern California in the form of a series of tidal surges, the first observed around 9 am March 11th. The main damage was one bait barge in Mission Bay that broke loosed by the strong currents and superficial damage to a few nearby boats as a result. Surge amplitudes of 2 feet at San Diego and 1.7 feet at La Jolla were measured, as well as a maximum difference in water level near 4 feet at San Diego (surge and retreat). The peak surge at San Diego was at 1 am March 12 when a barge was reported to break loose again in Mission Bay. The beaches did have a tsunami warning posted and a lot of people gathered to observed despite the lifeguards warning. Media coverage was extensive with live helicopter footage during the morning of the 11th, and frequent break-ins for live beach coverage from Orange to San Diego Counties.",Mission Bay saw the first tsunami surge around 0915 PST and continued to experience surges every 1.5 to 2 hours. These surges broke apart a bait barge and sent 8 of its 26 bait boxes into the bay where they were lost.,CSV
201306,13,1000,201306,13,1200,75873,457968,DELAWARE,10,2013,June,Tsunami,Z,4,DELAWARE BEACHES,10004,PHI,13-JUN-13 10:00:00,EST-5,13-JUN-13 12:00:00,0,0,0,0,0.00K,0.00K,WLON,NA,NA,NA,NA,NA,NA,NA,NA,NA,NA,NA,NA,NA,NA,NA,NA,NA,NA,NA,NA,NA,"A meteotsunami believed to have been caused by the passing of a weak end derecho moving off the Delaware coast occurred around Noon EDT on the 13th. The weak end derecho moved off the Delaware coast at about 11 a.m. EDT on the morning of the 13th. The surface pressure fluctuation caused by this phenomenon was believed to have triggered it. The tsunami measured approximately five inches at Lewes.  No damage or injuries were reported along the Delaware Coast.  ||Other meteotsunamis occurred along the east coast in Boothbay Harbor, Maine in 2008 and in Daytona Beach, Florida in 1992.",NA,CSV
201306,13,1430,201306,13,1530,74076,457963,NEW JERSEY,34,2013,June,Tsunami,Z,14,EASTERN MONMOUTH,34014,PHI,13-JUN-13 14:30:00,EST-5,13-JUN-13 15:30:00,0,0,0,0,0.00K,0.00K,WLON,NA,NA,NA,NA,NA,NA,NA,NA,NA,NA,NA,NA,NA,NA,NA,NA,NA,NA,NA,NA,NA,"A meteotsunami believed to have been caused by the passing of a weak end derecho off the New Jersey coast occurred during the afternoon of the 13th. An ocean wave associated with it injured a father and his son at Barnegat Inlet (Ocean County). The tidal departure caused by the meteotsunami ranged from three inches to one foot along the New Jersey coast, but some rough surf and higher waves occurred at the time of its occurrence.||The meteotsunami was believed induced by a weak end derecho that moved off the New Jersey coast at about 11 a.m. EDT on the morning of the 13th. The surface pressure fluctuation caused by this phenomenon was believed to have triggered it. The worst reported incident with the meteotsunami occurred in Ocean County at Barnegat Inlet at around 330 p.m. EDT on the 13th. A man was spear fishing near the mouth of Barnegat Inlet, just south of a submerged northern breakwater.  The outgoing tide (high tide was at about Noon EDT) was amplified by strong currents which carried divers over the submerged breakwater (normally 3-4 feet deep). This strong outrush continued for about two minutes and eventually the rocks in the submerged breakwater were exposed.  At this point, the eyewitness noticed a large wave coming in, approximately six feet peak-to-trough and spanned across the inlet. The upper two feet of the wave was breaking. This wave occurred in conjunction with a reversal of the current such that even though the tide was receding, a strong surge was entering the inlet. This surge carried the divers back over the submerged reef and into the inlet from where they were rescued. On the south jetty, three people were swept off the rocks which were 5 to 6 feet above sea level at the time into the ocean on the beach side of the jetty.  A father and son were injured and required medical treatment.  Both made it to shore on their own. The father suffered rib injuries and a punctured lung and was flown by helicopter to Jersey South Hospital. The 10-year-old son suffered a cut leg and cheek and was taken by ambulance  to Southern Ocean Medical Center.  The ambulance the boy was in, was involved in a traffic accident on the way to the hospital. The driver was injured, but the boy was not hurt further in the crash. There was no more strong wave activity after about five minutes. ||Other meteotsunamis have occurred along the east coast in Boothbay Harbor. Maine in 2008 and in Daytona Beach, Florida in 1992.",NA,CSV
201306,13,1400,201306,13,1700,74076,457964,NEW JERSEY,34,2013,June,Tsunami,Z,24,EASTERN CAPE MAY,34024,PHI,13-JUN-13 14:00:00,EST-5,13-JUN-13 17:00:00,0,0,0,0,0.00K,0.00K,WLON,NA,NA,NA,NA,NA,NA,NA,NA,NA,NA,NA,NA,NA,NA,NA,NA,NA,NA,NA,NA,NA,"A meteotsunami believed to have been caused by the passing of a weak end derecho off the New Jersey coast occurred during the afternoon of the 13th. An ocean wave associated with it injured a father and his son at Barnegat Inlet (Ocean County). The tidal departure caused by the meteotsunami ranged from three inches to one foot along the New Jersey coast, but some rough surf and higher waves occurred at the time of its occurrence.||The meteotsunami was believed induced by a weak end derecho that moved off the New Jersey coast at about 11 a.m. EDT on the morning of the 13th. The surface pressure fluctuation caused by this phenomenon was believed to have triggered it. The worst reported incident with the meteotsunami occurred in Ocean County at Barnegat Inlet at around 330 p.m. EDT on the 13th. A man was spear fishing near the mouth of Barnegat Inlet, just south of a submerged northern breakwater.  The outgoing tide (high tide was at about Noon EDT) was amplified by strong currents which carried divers over the submerged breakwater (normally 3-4 feet deep). This strong outrush continued for about two minutes and eventually the rocks in the submerged breakwater were exposed.  At this point, the eyewitness noticed a large wave coming in, approximately six feet peak-to-trough and spanned across the inlet. The upper two feet of the wave was breaking. This wave occurred in conjunction with a reversal of the current such that even though the tide was receding, a strong surge was entering the inlet. This surge carried the divers back over the submerged reef and into the inlet from where they were rescued. On the south jetty, three people were swept off the rocks which were 5 to 6 feet above sea level at the time into the ocean on the beach side of the jetty.  A father and son were injured and required medical treatment.  Both made it to shore on their own. The father suffered rib injuries and a punctured lung and was flown by helicopter to Jersey South Hospital. The 10-year-old son suffered a cut leg and cheek and was taken by ambulance  to Southern Ocean Medical Center.  The ambulance the boy was in, was involved in a traffic accident on the way to the hospital. The driver was injured, but the boy was not hurt further in the crash. There was no more strong wave activity after about five minutes. ||Other meteotsunamis have occurred along the east coast in Boothbay Harbor. Maine in 2008 and in Daytona Beach, Florida in 1992.",NA,CSV
201306,13,1430,201306,13,1500,74076,457965,NEW JERSEY,34,2013,June,Tsunami,Z,26,EASTERN OCEAN,34026,PHI,13-JUN-13 14:30:00,EST-5,13-JUN-13 15:00:00,2,0,0,0,0.00K,0.00K,Newspaper,NA,NA,NA,NA,NA,NA,NA,NA,NA,NA,NA,NA,NA,NA,NA,NA,NA,NA,NA,NA,NA,"A meteotsunami believed to have been caused by the passing of a weak end derecho off the New Jersey coast occurred during the afternoon of the 13th. An ocean wave associated with it injured a father and his son at Barnegat Inlet (Ocean County). The tidal departure caused by the meteotsunami ranged from three inches to one foot along the New Jersey coast, but some rough surf and higher waves occurred at the time of its occurrence.||The meteotsunami was believed induced by a weak end derecho that moved off the New Jersey coast at about 11 a.m. EDT on the morning of the 13th. The surface pressure fluctuation caused by this phenomenon was believed to have triggered it. The worst reported incident with the meteotsunami occurred in Ocean County at Barnegat Inlet at around 330 p.m. EDT on the 13th. A man was spear fishing near the mouth of Barnegat Inlet, just south of a submerged northern breakwater.  The outgoing tide (high tide was at about Noon EDT) was amplified by strong currents which carried divers over the submerged breakwater (normally 3-4 feet deep). This strong outrush continued for about two minutes and eventually the rocks in the submerged breakwater were exposed.  At this point, the eyewitness noticed a large wave coming in, approximately six feet peak-to-trough and spanned across the inlet. The upper two feet of the wave was breaking. This wave occurred in conjunction with a reversal of the current such that even though the tide was receding, a strong surge was entering the inlet. This surge carried the divers back over the submerged reef and into the inlet from where they were rescued. On the south jetty, three people were swept off the rocks which were 5 to 6 feet above sea level at the time into the ocean on the beach side of the jetty.  A father and son were injured and required medical treatment.  Both made it to shore on their own. The father suffered rib injuries and a punctured lung and was flown by helicopter to Jersey South Hospital. The 10-year-old son suffered a cut leg and cheek and was taken by ambulance  to Southern Ocean Medical Center.  The ambulance the boy was in, was involved in a traffic accident on the way to the hospital. The driver was injured, but the boy was not hurt further in the crash. There was no more strong wave activity after about five minutes. ||Other meteotsunamis have occurred along the east coast in Boothbay Harbor. Maine in 2008 and in Daytona Beach, Florida in 1992.",NA,CSV
201306,13,1430,201306,13,1530,74076,457966,NEW JERSEY,34,2013,June,Tsunami,Z,25,EASTERN ATLANTIC,34025,PHI,13-JUN-13 14:30:00,EST-5,13-JUN-13 15:30:00,0,0,0,0,0.00K,0.00K,WLON,NA,NA,NA,NA,NA,NA,NA,NA,NA,NA,NA,NA,NA,NA,NA,NA,NA,NA,NA,NA,NA,"A meteotsunami believed to have been caused by the passing of a weak end derecho off the New Jersey coast occurred during the afternoon of the 13th. An ocean wave associated with it injured a father and his son at Barnegat Inlet (Ocean County). The tidal departure caused by the meteotsunami ranged from three inches to one foot along the New Jersey coast, but some rough surf and higher waves occurred at the time of its occurrence.||The meteotsunami was believed induced by a weak end derecho that moved off the New Jersey coast at about 11 a.m. EDT on the morning of the 13th. The surface pressure fluctuation caused by this phenomenon was believed to have triggered it. The worst reported incident with the meteotsunami occurred in Ocean County at Barnegat Inlet at around 330 p.m. EDT on the 13th. A man was spear fishing near the mouth of Barnegat Inlet, just south of a submerged northern breakwater.  The outgoing tide (high tide was at about Noon EDT) was amplified by strong currents which carried divers over the submerged breakwater (normally 3-4 feet deep). This strong outrush continued for about two minutes and eventually the rocks in the submerged breakwater were exposed.  At this point, the eyewitness noticed a large wave coming in, approximately six feet peak-to-trough and spanned across the inlet. The upper two feet of the wave was breaking. This wave occurred in conjunction with a reversal of the current such that even though the tide was receding, a strong surge was entering the inlet. This surge carried the divers back over the submerged reef and into the inlet from where they were rescued. On the south jetty, three people were swept off the rocks which were 5 to 6 feet above sea level at the time into the ocean on the beach side of the jetty.  A father and son were injured and required medical treatment.  Both made it to shore on their own. The father suffered rib injuries and a punctured lung and was flown by helicopter to Jersey South Hospital. The 10-year-old son suffered a cut leg and cheek and was taken by ambulance  to Southern Ocean Medical Center.  The ambulance the boy was in, was involved in a traffic accident on the way to the hospital. The driver was injured, but the boy was not hurt further in the crash. There was no more strong wave activity after about five minutes. ||Other meteotsunamis have occurred along the east coast in Boothbay Harbor. Maine in 2008 and in Daytona Beach, Florida in 1992.",NA,CSV
201509,16,1743,201509,17,1100,100753,603060,CALIFORNIA,6,2015,September,Tsunami,Z,552,Orange County Coastal,06552,SGX,16-SEP-15 17:43:00,PST-8,17-SEP-15 11:00:00,0,0,0,0,0.00K,0.00K,Emergency Manager,NA,NA,NA,NA,NA,NA,NA,NA,NA,NA,NA,NA,NA,NA,NA,NA,NA,NA,NA,NA,NA,"A broad upper level Pacific trough moved through the West Coast on September 14-15 and tapped into remnant tropical cyclone Linda moisture west of the California Bight. Widespread and locally heavy rainfall developed across the entire CWA with 1 to 2 inches of rainfall common. The heavy rain resulted in a major traffic impact during the morning commute in LA and Orange County, along with a debris flow in Silverado Canyon, and widespread urban flooding in San Diego, Orange, Riverside and San Bernardino Counties.","An 8.3 magnitude earthquake that struck off the coast of Chile on the 16th led the National Tsunami Warning Center to issue a tsunami advisory at 1743 PST for a swath of California, from Orange County to north of San Luis Obispo. No action was necessary in San Diego County, the Center determined. All beaches, harbors, piers, and marinas in the Cities of Seal Beach, Huntington Beach, Newport Beach, Laguna Beach, Dana Point and San Clemente, including County and State beaches were closed through 0500 PST on the 17th. Tsunami wave heights were observed to be just under one foot along the Orange County coast. The Orange County EOC reported no significant coastal flooding occurred, but to be aware of the high likelihood of strong currents and waves dangerous to persons in or near the water. The advisory was lifted around 1100 PST on the 17th.",CSV
202201,15,500,202201,15,1330,165840,1002623,CALIFORNIA,6,2022,January,Tsunami,Z,43,SAN DIEGO COUNTY COASTAL AREAS,06043,SGX,15-JAN-22 05:00:00,PST-8,15-JAN-22 13:30:00,0,0,0,0,0.00K,0.00K,Emergency Manager,NA,NA,NA,NA,NA,NA,NA,NA,NA,NA,NA,NA,NA,NA,NA,NA,NA,NA,NA,NA,NA,"An underwater volcano near Tonga erupted on January 15, 2022 which produced a tsunami to travel across the Pacific Ocean. An information statement was issued at 3:25 AM PST, and the first advisory and statement was issued at 4:56 AM PST. A Tsunami advisory was issued for the San Diego County and Orange County Coast at 5:03 AM, mentioning the threat for a tsunami capable of producing strong currents and waves of 1 to 2 feet, but widespread inundation was not expected. The tsunami was expected to arrive several moments before 8 AM PST. Strong currents, rising tides, tsunami waves and minor damage was reported across the coast through the day.","A Tsunami Advisory was issued at 5:03 AM for the San Diego County Coast. Water rise of 0.6 foot was reported at La Jolla and 1.7 foot rise at San Diego Bay. Strong currents and swashing was observed at the San Diego Bay. The first wave arrived around 8 AM. Minor damage was reported across the coast, including damaged ballast pipes and damage to floating docks. San Diego OES did Wireless Emergency Alerts several times through the morning.",CSV
202201,15,500,202201,15,2359,165840,1002627,CALIFORNIA,6,2022,January,Tsunami,Z,552,ORANGE COUNTY COASTAL,06552,SGX,15-JAN-22 05:00:00,PST-8,15-JAN-22 23:59:00,0,0,0,0,0.00K,0.00K,Emergency Manager,NA,NA,NA,NA,NA,NA,NA,NA,NA,NA,NA,NA,NA,NA,NA,NA,NA,NA,NA,NA,NA,"An underwater volcano near Tonga erupted on January 15, 2022 which produced a tsunami to travel across the Pacific Ocean. An information statement was issued at 3:25 AM PST, and the first advisory and statement was issued at 4:56 AM PST. A Tsunami advisory was issued for the San Diego County and Orange County Coast at 5:03 AM, mentioning the threat for a tsunami capable of producing strong currents and waves of 1 to 2 feet, but widespread inundation was not expected. The tsunami was expected to arrive several moments before 8 AM PST. Strong currents, rising tides, tsunami waves and minor damage was reported across the coast through the day.","A Tsunami Advisory was issued at 5:03 AM for the Orange County Coast. Orange County did Wireless Emergency Alerts and activated sirens. The first tsunami wave arrived around 8 AM. Damage was reported across the coast, including a buoy reported to be broken off and drifting away off of Huntington Bay.",CSV
202201,15,700,202201,15,1500,164435,1005800,CALIFORNIA,6,2022,January,Tsunami,Z,529,NORTHERN MONTEREY BAY,06529,MTR,15-JAN-22 07:00:00,PST-8,15-JAN-22 15:00:00,0,0,0,0,3.00M,0.00K,Broadcast Media,NA,NA,NA,NA,NA,NA,NA,NA,NA,NA,NA,NA,NA,NA,NA,NA,NA,NA,NA,NA,NA,"An underwater eruption of a volcano in Tonga (South Pacific archipelago) triggered a tsunami across the Pacific basin. The National Tsunami Warning center in Palmer, AK issued a Tsunami Advisory for the U.S. Pacific Coast on the morning of January 15th due to the threat of strong currents and dangerous waves reaching the area. The wave energy damaged boats in harbors, flooded parking lots and coastal areas, and led to water rescues of boaters and surfers all along the coast. Around the SF Bay Area and Central Coast, the greatest impacts were observed in the Port of Santa Cruz. Local authorities closed beaches, boardwalks, harbors and piers all along the coast and people were instructed to keep boats docked. Peak tsunami wave heights along the Central Coast were measured at 2.4 feet at a Monterey tidal buoy and 2.9 feet at a Point Reyes buoy Sunday morning, with higher heights in San Luis Obispo and Mendocino Counties. The Tsunami advisory was lifted for parts of the coast by Saturday evening, with the remaining coastal areas removed from the advisory just after midnight Sunday.","The tsunami caused at a minimum $3 million in damage to the Moss Landing Harbor District. Damage was inflicted on pilings, docks, the harbor channel and infrastructure. There is also potential damage to the shoreline and a possible need for dredging.||https://kion546.com/news/2022/03/04/funding-approved-for-damage-repairs-in-moss-landing-harbor-district-caused-by-tonga-tsunami/.",CSV
202201,14,1853,202201,14,2000,165667,1001524,AMERICAN SAMOA,97,2022,January,Tsunami,Z,2,TUTUILA,97002,ASO,14-JAN-22 18:53:00,SST-11,14-JAN-22 20:00:00,0,0,0,0,0.00K,0.00K,Emergency Manager,NA,NA,NA,NA,NA,NA,NA,NA,NA,NA,NA,NA,NA,NA,NA,NA,NA,NA,NA,NA,NA,The volcanic eruption in Tonga caused tsunami waves to reach American Samoa.,"EOC reported tsunami inundation in the harbor area due to volcanic eruption. Wave heights of 2.0 feet were recorded there at 6:31 PM SST. Coast erosion and inundation were observed in low-lying coastal areas. Mainly Onenoa reported large debris on roads, making it difficult for driving.",CSV
202201,15,800,202201,16,1300,164585,1004304,OREGON,41,2022,January,Tsunami,Z,1,NORTHERN OREGON COAST,41001,PQR,15-JAN-22 08:00:00,PST-8,16-JAN-22 13:00:00,0,0,0,0,NA,NA,Official NWS Observations,NA,NA,NA,NA,NA,NA,NA,NA,NA,NA,NA,NA,NA,NA,NA,NA,NA,NA,NA,NA,NA,"An eruption of Hunga Tonga-Hunga Ha'apai in Tonga on January 14th at 2027PST generated a tsunami that reach much of the Pacific rim, including the U.S. West coast.",A tsunami generated by an eruption of the Hunga Tonga-Hunga Ha'api volcano reached the U.S. West coast.  A tsunami wave height of 0.2 feet was measured at the Astoria tide gauge on the 15th. No reports of damage or injury are known at this time.,CSV
202201,15,800,202201,16,1300,164585,1004306,OREGON,41,2022,January,Tsunami,Z,2,CENTRAL OREGON COAST,41002,PQR,15-JAN-22 08:00:00,PST-8,16-JAN-22 13:00:00,0,0,0,0,0.00K,0.00K,Official NWS Observations,NA,NA,NA,NA,NA,NA,NA,NA,NA,NA,NA,NA,NA,NA,NA,NA,NA,NA,NA,NA,NA,"An eruption of Hunga Tonga-Hunga Ha'apai in Tonga on January 14th at 2027PST generated a tsunami that reach much of the Pacific rim, including the U.S. West coast.",A tsunami generated by an eruption of the Hunga Tonga-Hunga Ha'api volcano reached the U.S. West.  A tsunami wave height of 0.7 feet was measured at the Newport tide gauge on the 15th. No reports of damage or injury are known at this time.,CSV
202201,15,800,202201,16,1300,166010,1004307,WASHINGTON,53,2022,January,Tsunami,Z,21,SOUTH COAST,53021,PQR,15-JAN-22 08:00:00,PST-8,16-JAN-22 13:00:00,0,0,0,0,0.00K,0.00K,Official NWS Observations,NA,NA,NA,NA,NA,NA,NA,NA,NA,NA,NA,NA,NA,NA,NA,NA,NA,NA,NA,NA,NA,"An eruption of Hunga Tonga-Hunga Ha'apai in Tonga on January 14th at 2027PST generated a tsunami that reach much of the Pacific rim, including the U.S. West coast.",A tsunami generated by an eruption of the Hunga Tonga-Hunga Ha'api volcano reached the U.S. West coast.  The tsunami wave height of 0.5 feet was measured at the Westport tide gauge. No reports of damage or injury are known at this time.,CSV
202201,15,700,202201,15,1500,164435,1005799,CALIFORNIA,6,2022,January,Tsunami,Z,529,NORTHERN MONTEREY BAY,06529,MTR,15-JAN-22 07:00:00,PST-8,15-JAN-22 15:00:00,0,0,0,0,6.50M,0.00K,Broadcast Media,NA,NA,NA,NA,NA,NA,NA,NA,NA,NA,NA,NA,NA,NA,NA,NA,NA,NA,NA,NA,NA,"An underwater eruption of a volcano in Tonga (South Pacific archipelago) triggered a tsunami across the Pacific basin. The National Tsunami Warning center in Palmer, AK issued a Tsunami Advisory for the U.S. Pacific Coast on the morning of January 15th due to the threat of strong currents and dangerous waves reaching the area. The wave energy damaged boats in harbors, flooded parking lots and coastal areas, and led to water rescues of boaters and surfers all along the coast. Around the SF Bay Area and Central Coast, the greatest impacts were observed in the Port of Santa Cruz. Local authorities closed beaches, boardwalks, harbors and piers all along the coast and people were instructed to keep boats docked. Peak tsunami wave heights along the Central Coast were measured at 2.4 feet at a Monterey tidal buoy and 2.9 feet at a Point Reyes buoy Sunday morning, with higher heights in San Luis Obispo and Mendocino Counties. The Tsunami advisory was lifted for parts of the coast by Saturday evening, with the remaining coastal areas removed from the advisory just after midnight Sunday.","Wave energy from the tsunami reached the West Coast and caused approximately $6.5 million in damage to Santa Cruz Harbor, according to the local Port Director. Damage was inflicted on utility infrastructure, pilings and bathroom facilities, as more than 3 feet of water poured in. Waves also knocked out power around the harbor docks, a place where many people live on their boats.||https://www.santacruzsentinel.com/2022/01/18/santa-cruz-harbor-sees-more-than-6-million-in-tsunami-damage/.||https://twitter.com/VFisher45/status/1482419734112915457.",CSV
202201,1,704,202201,1,904,166576,1007650,CALIFORNIA,6,2022,January,Tsunami,Z,40,VENTURA COUNTY COAST,06040,LOX,01-JAN-22 07:04:00,PST-8,01-JAN-22 09:04:00,0,0,0,0,0.00K,0.00K,Coast Guard,NA,NA,NA,NA,NA,NA,NA,NA,NA,NA,NA,NA,NA,NA,NA,NA,NA,NA,NA,NA,NA,"A underwater volcano erupted near the island of Tonga, generating a tsunami. In Ventura Harbor, some damage was reported with part of a dock broken off and a Harbor Patrol boat capsized.","A powerful tsunami, from a volcanic eruption near Tonga, produced some damage in Ventura Harbor. A 100 foot section of a dock was broken off with a 75 foot yacht attached to the dock. Additionally, a Harbor Patrol boat was capsized.",CSV
202507,30,0,202507,31,730,203869,1269808,CALIFORNIA,6,2025,July,Tsunami,Z,101,COASTAL DEL NORTE,06101,EKA,30-JUL-25 00:00:00,PST-8,31-JUL-25 07:30:00,0,0,0,0,1.00M,0.00K,Emergency Manager,NA,NA,NA,NA,NA,NA,NA,NA,NA,NA,NA,NA,NA,NA,NA,NA,NA,NA,NA,NA,NA,"A magnitude 8.8 earthquake occurred off the Kamchatka Peninsula in eastern Russia on the 29th of July, Pacific Time. The tsunami wave then traveled across the Pacific and impacted the Northwest California coast around midnight on the 30th. Tsunami waves continue to impact the coast through the 30th into the 31st at levels exceeding warning and advisory levels in Crescent City.","Tsunami waves impacted the Crescent City Harbor beginning around midnight on the 30th of July. The waves reached peak amplitude quickly in the first few hours just under 4 feet in amplitude. The waves then continued for over 24 hours, finally falling below the 1 foot tsunami advisory threshold during the morning of the 31st. The waves severely damaged or destroyed H-Dock in the harbor and damaged many of the connections between the other docks. The initial damage estimate is around $1 million.",CSV
202507,29,1900,202507,30,0,204677,1276005,HAWAII,15,2025,July,Tsunami,Z,53,BIG ISLAND EAST,15053,HFO,29-JUL-25 19:00:00,HST-10,30-JUL-25 00:00:00,0,0,0,0,20.00K,0.00K,Broadcast Media,NA,NA,NA,NA,NA,NA,NA,NA,NA,NA,NA,NA,NA,NA,NA,NA,NA,NA,NA,NA,NA,A large 8.8 magnitude earthquake occurred in Kamchatka Russia and sent a tsunami across the Pacific to the Hawaiian islands.,"A 4.9 foot tsunami generated from an 8.8 magnitude earthquake in Russia flooded the SCP Hilo Hotel. Water inundated the Hotel's lower levels, including the parking area, driveway, and approximately ten rooms. Guests were evacuated beforehand to shelters.",CSV
202507,30,1000,202507,30,1100,205554,1282906,AMERICAN SAMOA,97,2025,July,Tsunami,Z,2,TUTUILA,97002,ASO,30-JUL-25 10:00:00,SST-11,30-JUL-25 11:00:00,0,0,0,0,NA,NA,Local Official,NA,NA,NA,NA,NA,NA,NA,NA,NA,NA,NA,NA,NA,NA,NA,NA,NA,NA,NA,NA,NA,"On Tuesday, July 29th, at 12:25 PM SST, an 8.8 magnitude earthquake struck off the coast of Kamchatka, Russia. This triggered a Tsunami Advisory from the Pacific Tsunami Warning Center (PTWC) for all of American Samoa's islands at 2:39 PM SST.||Reports of coastal inundation occurred late on the 29th and into the early morning of the 30th. Water covered coastal roadways in Fagasa Village and several villages along Pago Pago Harbor. The PTWC canceled the advisory at 2:19 AM.",Harbormaster confirmed minor coastal flooding of Marina.,CSV
202507,29,2200,202507,30,300,205554,1285516,AMERICAN SAMOA,97,2025,July,Tsunami,Z,2,TUTUILA,97002,ASO,29-JUL-25 22:00:00,SST-11,30-JUL-25 03:00:00,0,0,0,0,NA,NA,Social Media,NA,NA,NA,NA,NA,NA,NA,NA,NA,NA,NA,NA,NA,NA,NA,NA,NA,NA,NA,NA,NA,"On Tuesday, July 29th, at 12:25 PM SST, an 8.8 magnitude earthquake struck off the coast of Kamchatka, Russia. This triggered a Tsunami Advisory from the Pacific Tsunami Warning Center (PTWC) for all of American Samoa's islands at 2:39 PM SST.||Reports of coastal inundation occurred late on the 29th and into the early morning of the 30th. Water covered coastal roadways in Fagasa Village and several villages along Pago Pago Harbor. The PTWC canceled the advisory at 2:19 AM.",A Facebook Post from Fagasa Village Worldwide shows coastal inundation with water from Fagasa Bay moving over coastal roadways along Fagasa Village. Damage from the inundation is unknown.,CSV
202507,29,2200,202507,30,300,205554,1285517,AMERICAN SAMOA,97,2025,July,Tsunami,Z,2,TUTUILA,97002,ASO,29-JUL-25 22:00:00,SST-11,30-JUL-25 03:00:00,0,0,0,0,NA,NA,Social Media,NA,NA,NA,NA,NA,NA,NA,NA,NA,NA,NA,NA,NA,NA,NA,NA,NA,NA,NA,NA,NA,"On Tuesday, July 29th, at 12:25 PM SST, an 8.8 magnitude earthquake struck off the coast of Kamchatka, Russia. This triggered a Tsunami Advisory from the Pacific Tsunami Warning Center (PTWC) for all of American Samoa's islands at 2:39 PM SST.||Reports of coastal inundation occurred late on the 29th and into the early morning of the 30th. Water covered coastal roadways in Fagasa Village and several villages along Pago Pago Harbor. The PTWC canceled the advisory at 2:19 AM.",A Facebook video from LillyJulia-Aniva Fanene shows coastal inundation from Pago Pago Harbor onto coastal roadways in Aua village. Damage from the inundation are unknown.,CSV
202507,29,2200,202507,30,300,205554,1285518,AMERICAN SAMOA,97,2025,July,Tsunami,Z,2,TUTUILA,97002,ASO,29-JUL-25 22:00:00,SST-11,30-JUL-25 03:00:00,0,0,0,0,NA,NA,Local Official,NA,NA,NA,NA,NA,NA,NA,NA,NA,NA,NA,NA,NA,NA,NA,NA,NA,NA,NA,NA,NA,"On Tuesday, July 29th, at 12:25 PM SST, an 8.8 magnitude earthquake struck off the coast of Kamchatka, Russia. This triggered a Tsunami Advisory from the Pacific Tsunami Warning Center (PTWC) for all of American Samoa's islands at 2:39 PM SST.||Reports of coastal inundation occurred late on the 29th and into the early morning of the 30th. Water covered coastal roadways in Fagasa Village and several villages along Pago Pago Harbor. The PTWC canceled the advisory at 2:19 AM.",Surveillance video from the American Samoa Shipyard Services Authority shows inundation onto the shipyard's property from Pago Pago Harbor. Damage from the inundation are unknown.,CSV
202507,29,2200,202507,30,300,205554,1284605,AMERICAN SAMOA,97,2025,July,Tsunami,Z,2,TUTUILA,97002,ASO,29-JUL-25 22:00:00,SST-11,30-JUL-25 03:00:00,0,0,0,0,NA,NA,Public,NA,NA,NA,NA,NA,NA,NA,NA,NA,NA,NA,NA,NA,NA,NA,NA,NA,NA,NA,NA,NA,"On Tuesday, July 29th, at 12:25 PM SST, an 8.8 magnitude earthquake struck off the coast of Kamchatka, Russia. This triggered a Tsunami Advisory from the Pacific Tsunami Warning Center (PTWC) for all of American Samoa's islands at 2:39 PM SST.||Reports of coastal inundation occurred late on the 29th and into the early morning of the 30th. Water covered coastal roadways in Fagasa Village and several villages along Pago Pago Harbor. The PTWC canceled the advisory at 2:19 AM.",A Starkist employee reported water from Pago Pago Harbor entered buildings at the Starkist plant in Anua and Atu'u Villages. Damage to the facility is unknown.,CSV
202508,10,526,202508,10,1030,207332,1293399,ALASKA,2,2025,August,Tsunami,Z,325,CITY AND BOROUGH OF JUNEAU,02325,AJK,10-AUG-25 05:26:00,AKST-9,10-AUG-25 10:30:00,0,0,0,0,0.00K,0.00K,Other Federal Agency,NA,NA,NA,NA,NA,NA,NA,NA,NA,NA,NA,NA,NA,NA,NA,NA,NA,NA,NA,NA,NA,"USGS and the Alaska Earthquake Center reported that seismic activity was measured at 526am AKDT on the 10th of August in vicinity of Tracy Arm south of Juneau. The seismic measurement had a landslide signature that they recognized and further USGS ground investigations confirmed that a large mass of the mountain fell into the water at the terminus of South Sawyer Glacier, generating a massive tsunami and successive waves that scoured trees and vegetation from both sides of the fjord and Sawyer Island. As a result, a significant amount of debris remained in the fjord and nearby areas for days after the event and disrupted navigation.","The landslide generated tsunami scoured trees and vegetation from both sides of the Tracy Arm fjord. The National Tsunami Warning Center reported that the maximum tsunami wave height at the Juneau tide gauge was 36 cm (approximately 14 in) from the normal tide prediction, which occurred around outgoing and low tide, and continued to measure successive waves for 5 hours.",CSV
202508,10,526,202508,10,1030,207332,1293435,ALASKA,2,2025,August,Tsunami,Z,324,ADMIRALTY ISLAND,02324,AJK,10-AUG-25 05:26:00,AKST-9,10-AUG-25 10:30:00,0,0,0,0,NA,0.00K,Other Federal Agency,NA,NA,NA,NA,NA,NA,NA,NA,NA,NA,NA,NA,NA,NA,NA,NA,NA,NA,NA,NA,NA,"USGS and the Alaska Earthquake Center reported that seismic activity was measured at 526am AKDT on the 10th of August in vicinity of Tracy Arm south of Juneau. The seismic measurement had a landslide signature that they recognized and further USGS ground investigations confirmed that a large mass of the mountain fell into the water at the terminus of South Sawyer Glacier, generating a massive tsunami and successive waves that scoured trees and vegetation from both sides of the fjord and Sawyer Island. As a result, a significant amount of debris remained in the fjord and nearby areas for days after the event and disrupted navigation.",The landslide generated tsunami scoured trees and vegetation from Sawyer Island and had an estimated runup height on the opposite side of the fjord of 1500-1600 feet. Kayakers near the entrance of Tracy Arm on Harbor Island had some of their gear swept away by a 15 to 20 foot tidal wave.,CSV
202507,30,1645,202507,30,1645,206502,1288907,CALIFORNIA,6,2025,July,Tsunami,Z,552,ORANGE COUNTY COASTAL,06552,SGX,30-JUL-25 16:45:00,PST-8,30-JUL-25 16:45:00,0,0,0,0,NA,NA,Law Enforcement,NA,NA,NA,NA,NA,NA,NA,NA,NA,NA,NA,NA,NA,NA,NA,NA,NA,NA,NA,NA,NA,"A tsunami, which was created by an earthquake which occurred off the coast of Russia, impacted several locations along the beachline of Southern California, including the damage to an older vessel in Dana Point.",Newport Harbor Police reported that tidal-tsunami surges broke a bait barge in the Dana Point Harbor.,CSV
